<?xml version="1.0" encoding="UTF-8"?>
<project-private xmlns="http://www.netbeans.org/ns/project-private/1">
    <editor-bookmarks xmlns="http://www.netbeans.org/ns/editor-bookmarks/2" lastBookmarkId="0"/>
    <open-files xmlns="http://www.netbeans.org/ns/projectui-open-files/2">
        <group>
            <file>file:/C:/Users/Mohamed/Documents/NetBeansProjects/TicketingSystem/src/ticketingsystem/TicketingSystem.java</file>
            <file>file:/C:/Users/Mohamed/Documents/NetBeansProjects/TicketingSystem/src/ticketingsystem/Invoice.java</file>
            <file>file:/C:/Users/Mohamed/Documents/NetBeansProjects/TicketingSystem/src/Ticket/SolvedTicket.java</file>
            <file>file:/C:/Users/Mohamed/Documents/NetBeansProjects/TicketingSystem/src/HumanGUI/AdminstratorGUI.java</file>
            <file>file:/C:/Users/Mohamed/Documents/NetBeansProjects/TicketingSystem/src/ticketingsystem/Date.java</file>
            <file>file:/C:/Users/Mohamed/Documents/NetBeansProjects/TicketingSystem/src/ticketingsystem/LoginOptions.java</file>
            <file>file:/C:/Users/Mohamed/Documents/NetBeansProjects/TicketingSystem/src/TicketpGUI/TicketGUI.java</file>
            <file>file:/C:/Users/Mohamed/Documents/NetBeansProjects/TicketingSystem/src/Human/User.java</file>
            <file>file:/C:/Users/Mohamed/Documents/NetBeansProjects/TicketingSystem/src/ticketingsystem/Advertisment.java</file>
            <file>file:/C:/Users/Mohamed/Documents/NetBeansProjects/TicketingSystem/src/ticketingsystem/CRUD.java</file>
            <file>file:/C:/Users/Mohamed/Documents/NetBeansProjects/TicketingSystem/src/Human/Human.java</file>
            <file>file:/C:/Users/Mohamed/Documents/NetBeansProjects/TicketingSystem/src/Network/Threads.java</file>
            <file>file:/C:/Users/Mohamed/Documents/NetBeansProjects/TicketingSystem/src/Ticket/TicketStatus.java</file>
            <file>file:/C:/Users/Mohamed/Documents/NetBeansProjects/TicketingSystem/src/HumanGUI/SupplierGUI.java</file>
            <file>file:/C:/Users/Mohamed/Documents/NetBeansProjects/TicketingSystem/src/Ticket/UnAnsweredTicket.java</file>
            <file>file:/C:/Users/Mohamed/Documents/NetBeansProjects/TicketingSystem/src/ticketingsystem/IFile.java</file>
            <file>file:/C:/Users/Mohamed/Documents/NetBeansProjects/TicketingSystem/src/TicketingSystemGUI/WelcomeFrame.java</file>
            <file>file:/C:/Users/Mohamed/Documents/NetBeansProjects/TicketingSystem/src/Human/Worker.java</file>
            <file>file:/C:/Users/Mohamed/Documents/NetBeansProjects/TicketingSystem/src/ticketingsystem/Rating.java</file>
            <file>file:/C:/Users/Mohamed/Documents/NetBeansProjects/TicketingSystem/src/Ticket/TrackTicket.java</file>
            <file>file:/C:/Users/Mohamed/Documents/NetBeansProjects/TicketingSystem/src/ticketingsystem/FAQ.java</file>
            <file>file:/C:/Users/Mohamed/Documents/NetBeansProjects/TicketingSystem/src/Human/Adminstrator.java</file>
            <file>file:/C:/Users/Mohamed/Documents/NetBeansProjects/TicketingSystem/src/TicketpGUI/DashBoardGUI.java</file>
            <file>file:/C:/Users/Mohamed/Documents/NetBeansProjects/TicketingSystem/src/TicketpGUI/TrackTicketGUI.java</file>
            <file>file:/C:/Users/Mohamed/Documents/NetBeansProjects/TicketingSystem/src/Ticket/Ticket.java</file>
            <file>file:/C:/Users/Mohamed/Documents/NetBeansProjects/TicketingSystem/src/Human/Supplier.java</file>
            <file>file:/C:/Users/Mohamed/Documents/NetBeansProjects/TicketingSystem/src/ticketingsystem/HelpDesk.java</file>
            <file>file:/C:/Users/Mohamed/Documents/NetBeansProjects/TicketingSystem/src/Ticket/DashBoard.java</file>
            <file>file:/C:/Users/Mohamed/Documents/NetBeansProjects/TicketingSystem/src/TicketingSystemGUI/ProductGUI.java</file>
            <file>file:/C:/Users/Mohamed/Documents/NetBeansProjects/TicketingSystem/src/ticketingsystem/Report.java</file>
            <file>file:/C:/Users/Mohamed/Documents/NetBeansProjects/TicketingSystem/src/Network/Clients.java</file>
            <file>file:/C:/Users/Mohamed/Documents/NetBeansProjects/TicketingSystem/src/Ticket/ClosedTicket.java</file>
            <file>file:/C:/Users/Mohamed/Documents/NetBeansProjects/TicketingSystem/src/Network/Server.java</file>
            <file>file:/C:/Users/Mohamed/Documents/NetBeansProjects/TicketingSystem/src/TicketingSystemGUI/HomeScreen.java</file>
            <file>file:/C:/Users/Mohamed/Documents/NetBeansProjects/TicketingSystem/src/Ticket/Category.java</file>
            <file>file:/C:/Users/Mohamed/Documents/NetBeansProjects/TicketingSystem/src/HumanGUI/UserGUI.java</file>
            <file>file:/C:/Users/Mohamed/Documents/NetBeansProjects/TicketingSystem/src/HumanGUI/WorkerGUI.java</file>
            <file>file:/C:/Users/Mohamed/Documents/NetBeansProjects/TicketingSystem/src/TicketingSystemGUI/FAQGUI.java</file>
            <file>file:/C:/Users/Mohamed/Documents/NetBeansProjects/TicketingSystem/src/ticketingsystem/ExceptionSID.java</file>
            <file>file:/C:/Users/Mohamed/Documents/NetBeansProjects/TicketingSystem/src/ticketingsystem/MakePayment.java</file>
            <file>file:/C:/Users/Mohamed/Documents/NetBeansProjects/TicketingSystem/src/ticketingsystem/Product.java</file>
            <file>file:/C:/Users/Mohamed/Documents/NetBeansProjects/TicketingSystem/src/TicketingSystemGUI/RatingGUI.java</file>
        </group>
    </open-files>
</project-private>
